lesion_type,image_path
LISIL,Dataset/Tile/LISIL/NL_28_ (12).jpg
LISIL,Dataset/Tile/LISIL/parab_072.bmp
LISIL,Dataset/Tile/LISIL/050.bmp
LISIL,Dataset/Tile/LISIL/NL_37_ (9).jpg
LISIL,Dataset/Tile/LISIL/koi_203.bmp
LISIL,Dataset/Tile/LISIL/NL_25_ (5).jpg
LISIL,Dataset/Tile/LISIL/koi_208.bmp
LISIL,Dataset/Tile/LISIL/100.bmp
LISIL,Dataset/Tile/LISIL/parab_076.bmp
LISIL,Dataset/Tile/LISIL/213.bmp
LISIL,Dataset/Tile/LISIL/034.bmp
LISIL,Dataset/Tile/LISIL/LSIL_1 (4).jpg
LISIL,Dataset/Tile/LISIL/koi_029.bmp
LISIL,Dataset/Tile/LISIL/sup_075.bmp
LISIL,Dataset/Tile/LISIL/NL_39_ (6).jpg
LISIL,Dataset/Tile/LISIL/parab_002.bmp
LISIL,Dataset/Tile/LISIL/028.bmp
LISIL,Dataset/Tile/LISIL/234.bmp
LISIL,Dataset/Tile/LISIL/084.bmp
LISIL,Dataset/Tile/LISIL/LSIL_3 (18).jpg
LISIL,Dataset/Tile/LISIL/sup_070.bmp
LISIL,Dataset/Tile/LISIL/NL_39_ (2).jpg
LISIL,Dataset/Tile/LISIL/NL_3_ (12).jpg
LISIL,Dataset/Tile/LISIL/102.bmp
LISIL,Dataset/Tile/LISIL/NL_24_ (10).jpg
LISIL,Dataset/Tile/LISIL/parab_098.bmp
LISIL,Dataset/Tile/LISIL/NL_24_ (2).jpg
LISIL,Dataset/Tile/LISIL/069.bmp
LISIL,Dataset/Tile/LISIL/NL_41_ (12).jpg
LISIL,Dataset/Tile/LISIL/parab_086.bmp
LISIL,Dataset/Tile/LISIL/NL_16_ (14).jpg
LISIL,Dataset/Tile/LISIL/parab_056.bmp
LISIL,Dataset/Tile/LISIL/124.bmp
LISIL,Dataset/Tile/LISIL/koi_148.bmp
LISIL,Dataset/Tile/LISIL/NL_25_ (2).jpg
LISIL,Dataset/Tile/LISIL/parab_049.bmp
LISIL,Dataset/Tile/LISIL/koi_130.bmp
LISIL,Dataset/Tile/LISIL/parab_073.bmp
LISIL,Dataset/Tile/LISIL/NL_12_ (3).jpg
HISIL,Dataset/Tile/HISIL/HSIL_10 (16).jpg
LISIL,Dataset/Tile/LISIL/koi_123.bmp
LISIL,Dataset/Tile/LISIL/sup_044.bmp
LISIL,Dataset/Tile/LISIL/LSIL_1 (7).jpg
LISIL,Dataset/Tile/LISIL/sup_088.bmp
LISIL,Dataset/Tile/LISIL/koi_099.bmp
LISIL,Dataset/Tile/LISIL/059.bmp
LISIL,Dataset/Tile/LISIL/NL_10_ (12).jpg
LISIL,Dataset/Tile/LISIL/229.bmp
LISIL,Dataset/Tile/LISIL/koi_066.bmp
HISIL,Dataset/Tile/HISIL/SCC_3 (10).jpg
LISIL,Dataset/Tile/LISIL/NL_39_ (16).jpg
LISIL,Dataset/Tile/LISIL/NL_17_ (9).jpg
LISIL,Dataset/Tile/LISIL/sup_082.bmp
LISIL,Dataset/Tile/LISIL/sup_022.bmp
LISIL,Dataset/Tile/LISIL/NL_2_ (4).jpg
LISIL,Dataset/Tile/LISIL/koi_197.bmp
LISIL,Dataset/Tile/LISIL/NL_33_ (4).jpg
HISIL,Dataset/Tile/HISIL/HSIL_6 (22).jpg
HISIL,Dataset/Tile/HISIL/scc_1 (16).jpg
LISIL,Dataset/Tile/LISIL/NL_36_ (5).jpg
HISIL,Dataset/Tile/HISIL/scc_1 (18).jpg
HISIL,Dataset/Tile/HISIL/SCC_4 (8).jpg
LISIL,Dataset/Tile/LISIL/koi_107.bmp
LISIL,Dataset/Tile/LISIL/parab_038.bmp
LISIL,Dataset/Tile/LISIL/koi_189.bmp
LISIL,Dataset/Tile/LISIL/koi_049.bmp
LISIL,Dataset/Tile/LISIL/sup_025.bmp
LISIL,Dataset/Tile/LISIL/NL_4_ (1).jpg
LISIL,Dataset/Tile/LISIL/sup_100.bmp
LISIL,Dataset/Tile/LISIL/parab_017.bmp
HISIL,Dataset/Tile/HISIL/HSIL_3 (2).jpg
LISIL,Dataset/Tile/LISIL/NL_34_ (7).jpg
LISIL,Dataset/Tile/LISIL/NL_36_ (17).jpg
LISIL,Dataset/Tile/LISIL/NL_34_ (13).jpg
LISIL,Dataset/Tile/LISIL/sup_017.bmp
LISIL,Dataset/Tile/LISIL/parab_040.bmp
LISIL,Dataset/Tile/LISIL/067.bmp
HISIL,Dataset/Tile/HISIL/HSIL_5 (22).jpg
LISIL,Dataset/Tile/LISIL/174.bmp
LISIL,Dataset/Tile/LISIL/LSIL_4 (34).jpg
HISIL,Dataset/Tile/HISIL/HSIL_7 (14).jpg
LISIL,Dataset/Tile/LISIL/NL_5_ (11).jpg
LISIL,Dataset/Tile/LISIL/NL_6_ (4).jpg
LISIL,Dataset/Tile/LISIL/145.bmp
LISIL,Dataset/Tile/LISIL/parab_100.bmp
LISIL,Dataset/Tile/LISIL/NL_17_ (14).jpg
LISIL,Dataset/Tile/LISIL/NL_34_ (5).jpg
HISIL,Dataset/Tile/HISIL/HSIL_5 (15).jpg
LISIL,Dataset/Tile/LISIL/NL_18_ (13).jpg
LISIL,Dataset/Tile/LISIL/koi_022.bmp
LISIL,Dataset/Tile/LISIL/103.bmp
LISIL,Dataset/Tile/LISIL/NL_1_ (20).jpg
LISIL,Dataset/Tile/LISIL/101.bmp
LISIL,Dataset/Tile/LISIL/NL_40_ (1).jpg
LISIL,Dataset/Tile/LISIL/NL_34_ (4).jpg
LISIL,Dataset/Tile/LISIL/koi_058.bmp
HISIL,Dataset/Tile/HISIL/HSIL_10 (9).jpg
LISIL,Dataset/Tile/LISIL/NL_35_ (14).jpg
LISIL,Dataset/Tile/LISIL/koi_038.bmp
HISIL,Dataset/Tile/HISIL/SCC_4 (11).jpg
LISIL,Dataset/Tile/LISIL/NL_1_ (19).jpg
LISIL,Dataset/Tile/LISIL/NL_2_ (15).jpg
LISIL,Dataset/Tile/LISIL/parab_089.bmp
LISIL,Dataset/Tile/LISIL/022.bmp
LISIL,Dataset/Tile/LISIL/NL_14_ (24).jpg
LISIL,Dataset/Tile/LISIL/NL_19_ (7).jpg
LISIL,Dataset/Tile/LISIL/088.bmp
LISIL,Dataset/Tile/LISIL/koi_209.bmp
LISIL,Dataset/Tile/LISIL/sup_015.bmp
LISIL,Dataset/Tile/LISIL/LSIL_4 (29).jpg
LISIL,Dataset/Tile/LISIL/NL_7_ (1).jpg
LISIL,Dataset/Tile/LISIL/sup_038.bmp
LISIL,Dataset/Tile/LISIL/NL_40_ (10).jpg
LISIL,Dataset/Tile/LISIL/koi_048.bmp
HISIL,Dataset/Tile/HISIL/HSIL_4 (15).jpg
LISIL,Dataset/Tile/LISIL/133.bmp
LISIL,Dataset/Tile/LISIL/koi_176.bmp
LISIL,Dataset/Tile/LISIL/NL_8_ (2).jpg
LISIL,Dataset/Tile/LISIL/parab_080.bmp
HISIL,Dataset/Tile/HISIL/scc_1 (6).jpg
LISIL,Dataset/Tile/LISIL/LSIL_1 (15).jpg
LISIL,Dataset/Tile/LISIL/koi_017.bmp
LISIL,Dataset/Tile/LISIL/parab_103.bmp
LISIL,Dataset/Tile/LISIL/057.bmp
LISIL,Dataset/Tile/LISIL/NL_22_ (11).jpg
HISIL,Dataset/Tile/HISIL/HSIL_6 (8).jpg
LISIL,Dataset/Tile/LISIL/LSIL_1 (13).jpg
LISIL,Dataset/Tile/LISIL/parab_019.bmp
LISIL,Dataset/Tile/LISIL/sup_067.bmp
LISIL,Dataset/Tile/LISIL/NL_13_ (5).jpg
LISIL,Dataset/Tile/LISIL/sup_115.bmp
LISIL,Dataset/Tile/LISIL/sup_063.bmp
LISIL,Dataset/Tile/LISIL/NL_21_ (5).jpg
LISIL,Dataset/Tile/LISIL/parab_059.bmp
LISIL,Dataset/Tile/LISIL/NL_1_ (1).jpg
LISIL,Dataset/Tile/LISIL/parab_053.bmp
LISIL,Dataset/Tile/LISIL/NL_23_ (1).jpg
HISIL,Dataset/Tile/HISIL/scc_2 (11).jpg
LISIL,Dataset/Tile/LISIL/NL_35_ (12).jpg
LISIL,Dataset/Tile/LISIL/koi_201.bmp
HISIL,Dataset/Tile/HISIL/HSIL_2 (13).jpg
LISIL,Dataset/Tile/LISIL/NL_12_ (5).jpg
LISIL,Dataset/Tile/LISIL/111.bmp
LISIL,Dataset/Tile/LISIL/216.bmp
LISIL,Dataset/Tile/LISIL/koi_146.bmp
HISIL,Dataset/Tile/HISIL/HSIL_7 (4).jpg
LISIL,Dataset/Tile/LISIL/NL_22_ (14).jpg
LISIL,Dataset/Tile/LISIL/NL_15_ (8).jpg
LISIL,Dataset/Tile/LISIL/NL_16_ (3).jpg
LISIL,Dataset/Tile/LISIL/koi_063.bmp
LISIL,Dataset/Tile/LISIL/NL_34_ (14).jpg
LISIL,Dataset/Tile/LISIL/011.bmp
LISIL,Dataset/Tile/LISIL/LSIL_3 (3).jpg
LISIL,Dataset/Tile/LISIL/129.bmp
LISIL,Dataset/Tile/LISIL/NL_7_ (14).jpg
LISIL,Dataset/Tile/LISIL/LSIL_3 (25).jpg
LISIL,Dataset/Tile/LISIL/NL_19_ (4).jpg
LISIL,Dataset/Tile/LISIL/NL_15_ (1).jpg
LISIL,Dataset/Tile/LISIL/NL_14_ (19).jpg
LISIL,Dataset/Tile/LISIL/LSIL_2 (4).jpg
LISIL,Dataset/Tile/LISIL/NL_37_ (2).jpg
LISIL,Dataset/Tile/LISIL/NL_30_ (1).jpg
LISIL,Dataset/Tile/LISIL/NL_9_ (9).jpg
LISIL,Dataset/Tile/LISIL/sup_114.bmp
LISIL,Dataset/Tile/LISIL/004.bmp
LISIL,Dataset/Tile/LISIL/parab_077.bmp
LISIL,Dataset/Tile/LISIL/NL_28_ (11).jpg
LISIL,Dataset/Tile/LISIL/NL_9_ (2).jpg
LISIL,Dataset/Tile/LISIL/157.bmp
LISIL,Dataset/Tile/LISIL/koi_078.bmp
LISIL,Dataset/Tile/LISIL/NL_12_ (4).jpg
LISIL,Dataset/Tile/LISIL/koi_043.bmp
LISIL,Dataset/Tile/LISIL/sup_004.bmp
HISIL,Dataset/Tile/HISIL/HSIL_6 (18).jpg
LISIL,Dataset/Tile/LISIL/sup_059.bmp
LISIL,Dataset/Tile/LISIL/parab_084.bmp
LISIL,Dataset/Tile/LISIL/koi_114.bmp
LISIL,Dataset/Tile/LISIL/NL_7_ (11).jpg
HISIL,Dataset/Tile/HISIL/HSIL_8 (14).jpg
HISIL,Dataset/Tile/HISIL/HSIL_6 (9).jpg
LISIL,Dataset/Tile/LISIL/NL_18_ (4).jpg
LISIL,Dataset/Tile/LISIL/NL_32_ (11).jpg
LISIL,Dataset/Tile/LISIL/koi_171.bmp
LISIL,Dataset/Tile/LISIL/koi_145.bmp
LISIL,Dataset/Tile/LISIL/214.bmp
HISIL,Dataset/Tile/HISIL/HSIL_8 (2).jpg
LISIL,Dataset/Tile/LISIL/131.bmp
LISIL,Dataset/Tile/LISIL/NL_38_ (2).jpg
LISIL,Dataset/Tile/LISIL/parab_020.bmp
LISIL,Dataset/Tile/LISIL/koi_056.bmp
LISIL,Dataset/Tile/LISIL/081.bmp
HISIL,Dataset/Tile/HISIL/HSIL_8 (7).jpg
LISIL,Dataset/Tile/LISIL/koi_174.bmp
LISIL,Dataset/Tile/LISIL/077.bmp
LISIL,Dataset/Tile/LISIL/NL_14_ (4).jpg
LISIL,Dataset/Tile/LISIL/koi_053.bmp
LISIL,Dataset/Tile/LISIL/NL_14_ (17).jpg
LISIL,Dataset/Tile/LISIL/parab_087.bmp
LISIL,Dataset/Tile/LISIL/sup_018.bmp
HISIL,Dataset/Tile/HISIL/HSIL_8 (4).jpg
LISIL,Dataset/Tile/LISIL/koi_141.bmp
LISIL,Dataset/Tile/LISIL/NL_1_ (14).jpg
LISIL,Dataset/Tile/LISIL/koi_165.bmp
HISIL,Dataset/Tile/HISIL/HSIL_2 (9).jpg
LISIL,Dataset/Tile/LISIL/koi_084.bmp
LISIL,Dataset/Tile/LISIL/parab_003.bmp
LISIL,Dataset/Tile/LISIL/koi_068.bmp
LISIL,Dataset/Tile/LISIL/164.bmp
HISIL,Dataset/Tile/HISIL/HSIL_5 (17).jpg
LISIL,Dataset/Tile/LISIL/sup_119.bmp
LISIL,Dataset/Tile/LISIL/koi_104.bmp
LISIL,Dataset/Tile/LISIL/NL_23_ (10).jpg
LISIL,Dataset/Tile/LISIL/NL_13_ (13).jpg
HISIL,Dataset/Tile/HISIL/HSIL_7 (3).jpg
LISIL,Dataset/Tile/LISIL/NL_12_ (12).jpg
LISIL,Dataset/Tile/LISIL/NL_9_ (15).jpg
LISIL,Dataset/Tile/LISIL/NL_10_ (14).jpg
LISIL,Dataset/Tile/LISIL/koi_187.bmp
LISIL,Dataset/Tile/LISIL/LSIL_4 (30).jpg
LISIL,Dataset/Tile/LISIL/016.bmp
HISIL,Dataset/Tile/HISIL/scc_1 (13).jpg
LISIL,Dataset/Tile/LISIL/NL_33_ (14).jpg
LISIL,Dataset/Tile/LISIL/NL_29_ (13).jpg
LISIL,Dataset/Tile/LISIL/koi_077.bmp
LISIL,Dataset/Tile/LISIL/LSIL_2 (8).jpg
HISIL,Dataset/Tile/HISIL/HSIL_6 (14).jpg
LISIL,Dataset/Tile/LISIL/NL_37_ (11).jpg
HISIL,Dataset/Tile/HISIL/SCC_3 (4).jpg
LISIL,Dataset/Tile/LISIL/NL_28_ (3).jpg
LISIL,Dataset/Tile/LISIL/sup_042.bmp
LISIL,Dataset/Tile/LISIL/sup_031.bmp
HISIL,Dataset/Tile/HISIL/HSIL_1 (13).jpg
LISIL,Dataset/Tile/LISIL/132.bmp
LISIL,Dataset/Tile/LISIL/NL_26_ (1).jpg
LISIL,Dataset/Tile/LISIL/NL_28_ (15).jpg
LISIL,Dataset/Tile/LISIL/NL_42_ (6).jpg
LISIL,Dataset/Tile/LISIL/073.bmp
LISIL,Dataset/Tile/LISIL/parab_012.bmp
LISIL,Dataset/Tile/LISIL/NL_9_ (13).jpg
LISIL,Dataset/Tile/LISIL/NL_16_ (10).jpg
LISIL,Dataset/Tile/LISIL/NL_4_ (6).jpg
LISIL,Dataset/Tile/LISIL/NL_10_ (5).jpg
LISIL,Dataset/Tile/LISIL/068.bmp
LISIL,Dataset/Tile/LISIL/koi_128.bmp
LISIL,Dataset/Tile/LISIL/sup_111.bmp
LISIL,Dataset/Tile/LISIL/koi_188.bmp
LISIL,Dataset/Tile/LISIL/NL_27_ (3).jpg
LISIL,Dataset/Tile/LISIL/NL_25_ (3).jpg
LISIL,Dataset/Tile/LISIL/NL_1_ (9).jpg
HISIL,Dataset/Tile/HISIL/HSIL_10 (19).jpg
LISIL,Dataset/Tile/LISIL/koi_199.bmp
HISIL,Dataset/Tile/HISIL/HSIL_7 (9).jpg
LISIL,Dataset/Tile/LISIL/159.bmp
LISIL,Dataset/Tile/LISIL/koi_205.bmp
LISIL,Dataset/Tile/LISIL/209.bmp
LISIL,Dataset/Tile/LISIL/koi_118.bmp
LISIL,Dataset/Tile/LISIL/koi_181.bmp
LISIL,Dataset/Tile/LISIL/NL_10_ (9).jpg
LISIL,Dataset/Tile/LISIL/parab_105.bmp
HISIL,Dataset/Tile/HISIL/HSIL_5 (4).jpg
HISIL,Dataset/Tile/HISIL/HSIL_10 (4).jpg
LISIL,Dataset/Tile/LISIL/koi_157.bmp
LISIL,Dataset/Tile/LISIL/NL_7_ (16).jpg
LISIL,Dataset/Tile/LISIL/koi_050.bmp
LISIL,Dataset/Tile/LISIL/LSIL_4 (27).jpg
LISIL,Dataset/Tile/LISIL/061.bmp
LISIL,Dataset/Tile/LISIL/sup_095.bmp
LISIL,Dataset/Tile/LISIL/NL_11_ (11).jpg
HISIL,Dataset/Tile/HISIL/scc_1 (17).jpg
LISIL,Dataset/Tile/LISIL/koi_071.bmp
LISIL,Dataset/Tile/LISIL/NL_39_ (9).jpg
LISIL,Dataset/Tile/LISIL/sup_037.bmp
LISIL,Dataset/Tile/LISIL/koi_183.bmp
LISIL,Dataset/Tile/LISIL/031.bmp
LISIL,Dataset/Tile/LISIL/107.bmp
HISIL,Dataset/Tile/HISIL/scc_1 (14).jpg
LISIL,Dataset/Tile/LISIL/NL_41_ (3).jpg
LISIL,Dataset/Tile/LISIL/NL_14_ (15).jpg
LISIL,Dataset/Tile/LISIL/168.bmp
LISIL,Dataset/Tile/LISIL/008.bmp
HISIL,Dataset/Tile/HISIL/scc_2 (4).jpg
LISIL,Dataset/Tile/LISIL/koi_082.bmp
LISIL,Dataset/Tile/LISIL/koi_122.bmp
LISIL,Dataset/Tile/LISIL/NL_16_ (11).jpg
LISIL,Dataset/Tile/LISIL/koi_211.bmp
LISIL,Dataset/Tile/LISIL/NL_21_ (3).jpg
HISIL,Dataset/Tile/HISIL/scc_2 (10).jpg
LISIL,Dataset/Tile/LISIL/195.bmp
LISIL,Dataset/Tile/LISIL/122.bmp
LISIL,Dataset/Tile/LISIL/NL_12_ (16).jpg
LISIL,Dataset/Tile/LISIL/NL_42_ (1).jpg
LISIL,Dataset/Tile/LISIL/082.bmp
LISIL,Dataset/Tile/LISIL/koi_150.bmp
LISIL,Dataset/Tile/LISIL/NL_22_ (4).jpg
LISIL,Dataset/Tile/LISIL/LSIL_2 (6).jpg
LISIL,Dataset/Tile/LISIL/koi_221.bmp
HISIL,Dataset/Tile/HISIL/scc_2 (21).jpg
LISIL,Dataset/Tile/LISIL/sup_090.bmp
LISIL,Dataset/Tile/LISIL/201.bmp
LISIL,Dataset/Tile/LISIL/sup_046.bmp
LISIL,Dataset/Tile/LISIL/NL_38_ (5).jpg
LISIL,Dataset/Tile/LISIL/koi_184.bmp
LISIL,Dataset/Tile/LISIL/NL_38_ (16).jpg
LISIL,Dataset/Tile/LISIL/sup_029.bmp
LISIL,Dataset/Tile/LISIL/koi_156.bmp
LISIL,Dataset/Tile/LISIL/056.bmp
LISIL,Dataset/Tile/LISIL/NL_39_ (13).jpg
LISIL,Dataset/Tile/LISIL/NL_33_ (1).jpg
LISIL,Dataset/Tile/LISIL/033.bmp
HISIL,Dataset/Tile/HISIL/scc_1 (3).jpg
LISIL,Dataset/Tile/LISIL/NL_13_ (6).jpg
LISIL,Dataset/Tile/LISIL/NL_16_ (2).jpg
LISIL,Dataset/Tile/LISIL/sup_093.bmp
LISIL,Dataset/Tile/LISIL/NL_36_ (13).jpg
LISIL,Dataset/Tile/LISIL/NL_8_ (14).jpg
LISIL,Dataset/Tile/LISIL/042.bmp
LISIL,Dataset/Tile/LISIL/NL_6_ (5).jpg
LISIL,Dataset/Tile/LISIL/204.bmp
LISIL,Dataset/Tile/LISIL/koi_023.bmp
HISIL,Dataset/Tile/HISIL/SCC_4 (14).jpg
LISIL,Dataset/Tile/LISIL/koi_105.bmp
LISIL,Dataset/Tile/LISIL/LSIL_1 (1).jpg
LISIL,Dataset/Tile/LISIL/NL_22_ (8).jpg
HISIL,Dataset/Tile/HISIL/HSIL_4 (12).jpg
LISIL,Dataset/Tile/LISIL/083.bmp
LISIL,Dataset/Tile/LISIL/222.bmp
LISIL,Dataset/Tile/LISIL/205.bmp
HISIL,Dataset/Tile/HISIL/scc_2 (3).jpg
LISIL,Dataset/Tile/LISIL/sup_089.bmp
LISIL,Dataset/Tile/LISIL/NL_29_ (11).jpg
LISIL,Dataset/Tile/LISIL/NL_42_ (9).jpg
LISIL,Dataset/Tile/LISIL/LSIL_4 (12).jpg
LISIL,Dataset/Tile/LISIL/NL_39_ (14).jpg
LISIL,Dataset/Tile/LISIL/NL_38_ (14).jpg
LISIL,Dataset/Tile/LISIL/LSIL_4 (24).jpg
LISIL,Dataset/Tile/LISIL/koi_102.bmp
HISIL,Dataset/Tile/HISIL/SCC_3 (11).jpg
LISIL,Dataset/Tile/LISIL/sup_077.bmp
LISIL,Dataset/Tile/LISIL/NL_33_ (15).jpg
LISIL,Dataset/Tile/LISIL/NL_36_ (9).jpg
LISIL,Dataset/Tile/LISIL/142.bmp
HISIL,Dataset/Tile/HISIL/HSIL_10 (17).jpg
LISIL,Dataset/Tile/LISIL/NL_12_ (15).jpg
LISIL,Dataset/Tile/LISIL/LSIL_1 (16).jpg
LISIL,Dataset/Tile/LISIL/055.bmp
HISIL,Dataset/Tile/HISIL/HSIL_5 (10).jpg
LISIL,Dataset/Tile/LISIL/NL_40_ (7).jpg
LISIL,Dataset/Tile/LISIL/NL_17_ (10).jpg
LISIL,Dataset/Tile/LISIL/NL_11_ (2).jpg
LISIL,Dataset/Tile/LISIL/NL_21_ (1).jpg
LISIL,Dataset/Tile/LISIL/NL_17_ (6).jpg
LISIL,Dataset/Tile/LISIL/LSIL_3 (21).jpg
LISIL,Dataset/Tile/LISIL/sup_124.bmp
LISIL,Dataset/Tile/LISIL/NL_40_ (12).jpg
LISIL,Dataset/Tile/LISIL/NL_1_ (15).jpg
LISIL,Dataset/Tile/LISIL/130.bmp
LISIL,Dataset/Tile/LISIL/koi_030.bmp
LISIL,Dataset/Tile/LISIL/NL_36_ (4).jpg
LISIL,Dataset/Tile/LISIL/NL_22_ (13).jpg
LISIL,Dataset/Tile/LISIL/NL_35_ (10).jpg
LISIL,Dataset/Tile/LISIL/sup_094.bmp
LISIL,Dataset/Tile/LISIL/135.bmp
LISIL,Dataset/Tile/LISIL/parab_061.bmp
LISIL,Dataset/Tile/LISIL/LSIL_2 (13).jpg
LISIL,Dataset/Tile/LISIL/006.bmp
LISIL,Dataset/Tile/LISIL/114.bmp
LISIL,Dataset/Tile/LISIL/NL_9_ (6).jpg
LISIL,Dataset/Tile/LISIL/NL_8_ (15).jpg
LISIL,Dataset/Tile/LISIL/koi_003.bmp
LISIL,Dataset/Tile/LISIL/sup_055.bmp
LISIL,Dataset/Tile/LISIL/NL_32_ (14).jpg
HISIL,Dataset/Tile/HISIL/HSIL_4 (9).jpg
HISIL,Dataset/Tile/HISIL/HSIL_7 (1).jpg
LISIL,Dataset/Tile/LISIL/koi_094.bmp
LISIL,Dataset/Tile/LISIL/NL_38_ (11).jpg
LISIL,Dataset/Tile/LISIL/koi_111.bmp
HISIL,Dataset/Tile/HISIL/HSIL_2 (11).jpg
HISIL,Dataset/Tile/HISIL/HSIL_10 (18).jpg
LISIL,Dataset/Tile/LISIL/NL_31_ (5).jpg
HISIL,Dataset/Tile/HISIL/scc_1 (21).jpg
HISIL,Dataset/Tile/HISIL/HSIL_8 (1).jpg
LISIL,Dataset/Tile/LISIL/koi_138.bmp
LISIL,Dataset/Tile/LISIL/parab_036.bmp
LISIL,Dataset/Tile/LISIL/NL_10_ (3).jpg
LISIL,Dataset/Tile/LISIL/231.bmp
LISIL,Dataset/Tile/LISIL/koi_137.bmp
LISIL,Dataset/Tile/LISIL/LSIL_2 (9).jpg
LISIL,Dataset/Tile/LISIL/NL_22_ (5).jpg
HISIL,Dataset/Tile/HISIL/scc_2 (19).jpg
LISIL,Dataset/Tile/LISIL/148.bmp
HISIL,Dataset/Tile/HISIL/HSIL_8 (13).jpg
HISIL,Dataset/Tile/HISIL/HSIL_5 (6).jpg
HISIL,Dataset/Tile/HISIL/HSIL_10 (12).jpg
LISIL,Dataset/Tile/LISIL/NL_43_ (6).jpg
LISIL,Dataset/Tile/LISIL/225.bmp
LISIL,Dataset/Tile/LISIL/koi_072.bmp
LISIL,Dataset/Tile/LISIL/koi_073.bmp
LISIL,Dataset/Tile/LISIL/NL_32_ (13).jpg
LISIL,Dataset/Tile/LISIL/parab_070.bmp
LISIL,Dataset/Tile/LISIL/koi_129.bmp
LISIL,Dataset/Tile/LISIL/sup_057.bmp
LISIL,Dataset/Tile/LISIL/sup_058.bmp
LISIL,Dataset/Tile/LISIL/sup_035.bmp
LISIL,Dataset/Tile/LISIL/koi_173.bmp
LISIL,Dataset/Tile/LISIL/parab_055.bmp
LISIL,Dataset/Tile/LISIL/075.bmp
LISIL,Dataset/Tile/LISIL/LSIL_1 (12).jpg
LISIL,Dataset/Tile/LISIL/NL_7_ (13).jpg
LISIL,Dataset/Tile/LISIL/NL_25_ (10).jpg
LISIL,Dataset/Tile/LISIL/koi_144.bmp
HISIL,Dataset/Tile/HISIL/HSIL_10 (6).jpg
LISIL,Dataset/Tile/LISIL/parab_079.bmp
LISIL,Dataset/Tile/LISIL/NL_1_ (17).jpg
LISIL,Dataset/Tile/LISIL/175.bmp
LISIL,Dataset/Tile/LISIL/LSIL_1 (8).jpg
HISIL,Dataset/Tile/HISIL/HSIL_7 (10).jpg
LISIL,Dataset/Tile/LISIL/LSIL_2 (18).jpg
LISIL,Dataset/Tile/LISIL/149.bmp
LISIL,Dataset/Tile/LISIL/sup_021.bmp
LISIL,Dataset/Tile/LISIL/007.bmp
LISIL,Dataset/Tile/LISIL/koi_088.bmp
LISIL,Dataset/Tile/LISIL/parab_007.bmp
LISIL,Dataset/Tile/LISIL/NL_32_ (8).jpg
LISIL,Dataset/Tile/LISIL/koi_065.bmp
LISIL,Dataset/Tile/LISIL/071.bmp
LISIL,Dataset/Tile/LISIL/koi_059.bmp
LISIL,Dataset/Tile/LISIL/NL_40_ (9).jpg
LISIL,Dataset/Tile/LISIL/NL_37_ (15).jpg
LISIL,Dataset/Tile/LISIL/parab_047.bmp
LISIL,Dataset/Tile/LISIL/232.bmp
HISIL,Dataset/Tile/HISIL/HSIL_5 (5).jpg
LISIL,Dataset/Tile/LISIL/sup_123.bmp
LISIL,Dataset/Tile/LISIL/NL_32_ (3).jpg
HISIL,Dataset/Tile/HISIL/HSIL_6 (28).jpg
LISIL,Dataset/Tile/LISIL/NL_7_ (9).jpg
LISIL,Dataset/Tile/LISIL/197.bmp
HISIL,Dataset/Tile/HISIL/HSIL_4 (16).jpg
LISIL,Dataset/Tile/LISIL/NL_15_ (9).jpg
LISIL,Dataset/Tile/LISIL/228.bmp
LISIL,Dataset/Tile/LISIL/045.bmp
LISIL,Dataset/Tile/LISIL/koi_006.bmp
LISIL,Dataset/Tile/LISIL/156.bmp
LISIL,Dataset/Tile/LISIL/183.bmp
LISIL,Dataset/Tile/LISIL/koi_011.bmp
LISIL,Dataset/Tile/LISIL/NL_24_ (7).jpg
LISIL,Dataset/Tile/LISIL/185.bmp
LISIL,Dataset/Tile/LISIL/sup_096.bmp
LISIL,Dataset/Tile/LISIL/NL_18_ (16).jpg
LISIL,Dataset/Tile/LISIL/koi_087.bmp
HISIL,Dataset/Tile/HISIL/HSIL_4 (7).jpg
HISIL,Dataset/Tile/HISIL/SCC_4 (15).jpg
LISIL,Dataset/Tile/LISIL/LSIL_2 (3).jpg
LISIL,Dataset/Tile/LISIL/NL_42_ (16).jpg
HISIL,Dataset/Tile/HISIL/HSIL_2 (16).jpg
LISIL,Dataset/Tile/LISIL/NL_18_ (7).jpg
LISIL,Dataset/Tile/LISIL/NL_34_ (1).jpg
HISIL,Dataset/Tile/HISIL/HSIL_5 (7).jpg
LISIL,Dataset/Tile/LISIL/NL_9_ (5).jpg
LISIL,Dataset/Tile/LISIL/NL_6_ (2).jpg
LISIL,Dataset/Tile/LISIL/NL_29_ (14).jpg
LISIL,Dataset/Tile/LISIL/NL_8_ (13).jpg
LISIL,Dataset/Tile/LISIL/110.bmp
LISIL,Dataset/Tile/LISIL/LSIL_3 (26).jpg
HISIL,Dataset/Tile/HISIL/HSIL_8 (11).jpg
LISIL,Dataset/Tile/LISIL/NL_3_ (8).jpg
HISIL,Dataset/Tile/HISIL/scc_2 (24).jpg
LISIL,Dataset/Tile/LISIL/NL_26_ (9).jpg
LISIL,Dataset/Tile/LISIL/NL_9_ (11).jpg
HISIL,Dataset/Tile/HISIL/HSIL_5 (8).jpg
LISIL,Dataset/Tile/LISIL/NL_35_ (9).jpg
LISIL,Dataset/Tile/LISIL/NL_2_ (16).jpg
LISIL,Dataset/Tile/LISIL/parab_035.bmp
LISIL,Dataset/Tile/LISIL/210.bmp
LISIL,Dataset/Tile/LISIL/LSIL_4 (8).jpg
LISIL,Dataset/Tile/LISIL/NL_3_ (5).jpg
LISIL,Dataset/Tile/LISIL/NL_37_ (14).jpg
LISIL,Dataset/Tile/LISIL/NL_18_ (1).jpg
LISIL,Dataset/Tile/LISIL/NL_28_ (4).jpg
LISIL,Dataset/Tile/LISIL/NL_11_ (4).jpg
HISIL,Dataset/Tile/HISIL/HSIL_1 (15).jpg
LISIL,Dataset/Tile/LISIL/koi_086.bmp
LISIL,Dataset/Tile/LISIL/LSIL_4 (10).jpg
LISIL,Dataset/Tile/LISIL/koi_096.bmp
LISIL,Dataset/Tile/LISIL/koi_081.bmp
LISIL,Dataset/Tile/LISIL/LSIL_1 (26).jpg
LISIL,Dataset/Tile/LISIL/parab_074.bmp
LISIL,Dataset/Tile/LISIL/NL_1_ (18).jpg
LISIL,Dataset/Tile/LISIL/koi_012.bmp
LISIL,Dataset/Tile/LISIL/sup_087.bmp
LISIL,Dataset/Tile/LISIL/238.bmp
LISIL,Dataset/Tile/LISIL/NL_42_ (12).jpg
LISIL,Dataset/Tile/LISIL/LSIL_4 (26).jpg
LISIL,Dataset/Tile/LISIL/095.bmp
LISIL,Dataset/Tile/LISIL/koi_045.bmp
LISIL,Dataset/Tile/LISIL/NL_26_ (10).jpg
LISIL,Dataset/Tile/LISIL/koi_109.bmp
HISIL,Dataset/Tile/HISIL/HSIL_6 (7).jpg
LISIL,Dataset/Tile/LISIL/LSIL_3 (5).jpg
LISIL,Dataset/Tile/LISIL/NL_33_ (7).jpg
HISIL,Dataset/Tile/HISIL/HSIL_5 (1).jpg
HISIL,Dataset/Tile/HISIL/HSIL_1 (6).jpg
LISIL,Dataset/Tile/LISIL/093.bmp
LISIL,Dataset/Tile/LISIL/parab_015.bmp
LISIL,Dataset/Tile/LISIL/koi_168.bmp
LISIL,Dataset/Tile/LISIL/koi_093.bmp
HISIL,Dataset/Tile/HISIL/HSIL_6 (11).jpg
LISIL,Dataset/Tile/LISIL/koi_147.bmp
LISIL,Dataset/Tile/LISIL/sup_053.bmp
LISIL,Dataset/Tile/LISIL/NL_19_ (3).jpg
LISIL,Dataset/Tile/LISIL/040.bmp
LISIL,Dataset/Tile/LISIL/NL_43_ (4).jpg
LISIL,Dataset/Tile/LISIL/parab_107.bmp
LISIL,Dataset/Tile/LISIL/NL_25_ (6).jpg
LISIL,Dataset/Tile/LISIL/koi_054.bmp
HISIL,Dataset/Tile/HISIL/HSIL_1 (5).jpg
LISIL,Dataset/Tile/LISIL/NL_29_ (8).jpg
LISIL,Dataset/Tile/LISIL/NL_3_ (13).jpg
LISIL,Dataset/Tile/LISIL/NL_41_ (13).jpg
LISIL,Dataset/Tile/LISIL/LSIL_3 (8).jpg
LISIL,Dataset/Tile/LISIL/NL_42_ (15).jpg
HISIL,Dataset/Tile/HISIL/HSIL_2 (20).jpg
HISIL,Dataset/Tile/HISIL/scc_2 (22).jpg
HISIL,Dataset/Tile/HISIL/SCC_4 (12).jpg
LISIL,Dataset/Tile/LISIL/NL_37_ (5).jpg
LISIL,Dataset/Tile/LISIL/NL_11_ (5).jpg
LISIL,Dataset/Tile/LISIL/NL_42_ (17).jpg
LISIL,Dataset/Tile/LISIL/koi_021.bmp
LISIL,Dataset/Tile/LISIL/NL_4_ (3).jpg
LISIL,Dataset/Tile/LISIL/NL_16_ (13).jpg
LISIL,Dataset/Tile/LISIL/parab_104.bmp
LISIL,Dataset/Tile/LISIL/NL_31_ (1).jpg
LISIL,Dataset/Tile/LISIL/NL_34_ (6).jpg
LISIL,Dataset/Tile/LISIL/121.bmp
LISIL,Dataset/Tile/LISIL/043.bmp
LISIL,Dataset/Tile/LISIL/112.bmp
HISIL,Dataset/Tile/HISIL/HSIL_10 (8).jpg
LISIL,Dataset/Tile/LISIL/koi_037.bmp
LISIL,Dataset/Tile/LISIL/172.bmp
HISIL,Dataset/Tile/HISIL/HSIL_8 (12).jpg
LISIL,Dataset/Tile/LISIL/NL_35_ (11).jpg
HISIL,Dataset/Tile/HISIL/HSIL_2 (2).jpg
LISIL,Dataset/Tile/LISIL/parab_092.bmp
LISIL,Dataset/Tile/LISIL/NL_8_ (10).jpg
LISIL,Dataset/Tile/LISIL/sup_023.bmp
LISIL,Dataset/Tile/LISIL/LSIL_2 (7).jpg
HISIL,Dataset/Tile/HISIL/HSIL_7 (7).jpg
LISIL,Dataset/Tile/LISIL/NL_8_ (8).jpg
LISIL,Dataset/Tile/LISIL/179.bmp
LISIL,Dataset/Tile/LISIL/NL_13_ (10).jpg
LISIL,Dataset/Tile/LISIL/parab_021.bmp
LISIL,Dataset/Tile/LISIL/parab_032.bmp
LISIL,Dataset/Tile/LISIL/parab_083.bmp
LISIL,Dataset/Tile/LISIL/parab_088.bmp
LISIL,Dataset/Tile/LISIL/108.bmp
LISIL,Dataset/Tile/LISIL/sup_069.bmp
LISIL,Dataset/Tile/LISIL/202.bmp
LISIL,Dataset/Tile/LISIL/LSIL_2 (14).jpg
LISIL,Dataset/Tile/LISIL/NL_38_ (13).jpg
LISIL,Dataset/Tile/LISIL/LSIL_4 (7).jpg
LISIL,Dataset/Tile/LISIL/koi_153.bmp
LISIL,Dataset/Tile/LISIL/koi_057.bmp
LISIL,Dataset/Tile/LISIL/NL_41_ (5).jpg
LISIL,Dataset/Tile/LISIL/koi_090.bmp
LISIL,Dataset/Tile/LISIL/NL_17_ (11).jpg
LISIL,Dataset/Tile/LISIL/NL_33_ (13).jpg
LISIL,Dataset/Tile/LISIL/parab_075.bmp
LISIL,Dataset/Tile/LISIL/parab_048.bmp
LISIL,Dataset/Tile/LISIL/parab_093.bmp
LISIL,Dataset/Tile/LISIL/NL_28_ (10).jpg
LISIL,Dataset/Tile/LISIL/koi_186.bmp
LISIL,Dataset/Tile/LISIL/sup_116.bmp
LISIL,Dataset/Tile/LISIL/NL_33_ (9).jpg
LISIL,Dataset/Tile/LISIL/NL_6_ (1).jpg
LISIL,Dataset/Tile/LISIL/koi_193.bmp
LISIL,Dataset/Tile/LISIL/189.bmp
LISIL,Dataset/Tile/LISIL/NL_24_ (9).jpg
HISIL,Dataset/Tile/HISIL/HSIL_8 (9).jpg
LISIL,Dataset/Tile/LISIL/koi_014.bmp
LISIL,Dataset/Tile/LISIL/NL_17_ (12).jpg
LISIL,Dataset/Tile/LISIL/koi_125.bmp
LISIL,Dataset/Tile/LISIL/NL_17_ (7).jpg
LISIL,Dataset/Tile/LISIL/koi_220.bmp
LISIL,Dataset/Tile/LISIL/parab_031.bmp
LISIL,Dataset/Tile/LISIL/LSIL_3 (24).jpg
HISIL,Dataset/Tile/HISIL/HSIL_9 (3).jpg
LISIL,Dataset/Tile/LISIL/parab_013.bmp
LISIL,Dataset/Tile/LISIL/072.bmp
LISIL,Dataset/Tile/LISIL/NL_11_ (6).jpg
LISIL,Dataset/Tile/LISIL/sup_019.bmp
LISIL,Dataset/Tile/LISIL/koi_112.bmp
LISIL,Dataset/Tile/LISIL/koi_134.bmp
LISIL,Dataset/Tile/LISIL/NL_42_ (11).jpg
LISIL,Dataset/Tile/LISIL/NL_4_ (5).jpg
LISIL,Dataset/Tile/LISIL/NL_29_ (2).jpg
LISIL,Dataset/Tile/LISIL/NL_30_ (2).jpg
LISIL,Dataset/Tile/LISIL/106.bmp
LISIL,Dataset/Tile/LISIL/NL_15_ (5).jpg
LISIL,Dataset/Tile/LISIL/Results.csv
LISIL,Dataset/Tile/LISIL/024.bmp
LISIL,Dataset/Tile/LISIL/NL_21_ (9).jpg
LISIL,Dataset/Tile/LISIL/sup_062.bmp
LISIL,Dataset/Tile/LISIL/sup_079.bmp
LISIL,Dataset/Tile/LISIL/NL_13_ (9).jpg
HISIL,Dataset/Tile/HISIL/scc_2 (1).jpg
LISIL,Dataset/Tile/LISIL/196.bmp
HISIL,Dataset/Tile/HISIL/HSIL_4 (3).jpg
LISIL,Dataset/Tile/LISIL/184.bmp
LISIL,Dataset/Tile/LISIL/030.bmp
HISIL,Dataset/Tile/HISIL/scc_1 (20).jpg
LISIL,Dataset/Tile/LISIL/sup_060.bmp
LISIL,Dataset/Tile/LISIL/NL_22_ (3).jpg
LISIL,Dataset/Tile/LISIL/NL_27_ (4).jpg
LISIL,Dataset/Tile/LISIL/NL_29_ (4).jpg
LISIL,Dataset/Tile/LISIL/178.bmp
LISIL,Dataset/Tile/LISIL/LSIL_3 (28).jpg
HISIL,Dataset/Tile/HISIL/scc_1 (19).jpg
LISIL,Dataset/Tile/LISIL/koi_198.bmp
HISIL,Dataset/Tile/HISIL/HSIL_6 (26).jpg
LISIL,Dataset/Tile/LISIL/NL_36_ (18).jpg
LISIL,Dataset/Tile/LISIL/NL_4_ (2).jpg
LISIL,Dataset/Tile/LISIL/NL_16_ (6).jpg
LISIL,Dataset/Tile/LISIL/NL_8_ (3).jpg
LISIL,Dataset/Tile/LISIL/180.bmp
LISIL,Dataset/Tile/LISIL/046.bmp
LISIL,Dataset/Tile/LISIL/089.bmp
LISIL,Dataset/Tile/LISIL/NL_39_ (1).jpg
LISIL,Dataset/Tile/LISIL/LSIL_1 (14).jpg
LISIL,Dataset/Tile/LISIL/NL_22_ (9).jpg
LISIL,Dataset/Tile/LISIL/NL_42_ (3).jpg
LISIL,Dataset/Tile/LISIL/NL_42_ (2).jpg
LISIL,Dataset/Tile/LISIL/NL_9_ (3).jpg
LISIL,Dataset/Tile/LISIL/parab_042.bmp
LISIL,Dataset/Tile/LISIL/NL_19_ (10).jpg
LISIL,Dataset/Tile/LISIL/sup_078.bmp
LISIL,Dataset/Tile/LISIL/koi_089.bmp
LISIL,Dataset/Tile/LISIL/LSIL_3 (14).jpg
LISIL,Dataset/Tile/LISIL/koi_052.bmp
LISIL,Dataset/Tile/LISIL/LSIL_2 (16).jpg
LISIL,Dataset/Tile/LISIL/NL_21_ (11).jpg
HISIL,Dataset/Tile/HISIL/HSIL_3 (3).jpg
LISIL,Dataset/Tile/LISIL/NL_38_ (9).jpg
LISIL,Dataset/Tile/LISIL/NL_5_ (1).jpg
HISIL,Dataset/Tile/HISIL/HSIL_1 (12).jpg
LISIL,Dataset/Tile/LISIL/NL_12_ (8).jpg
LISIL,Dataset/Tile/LISIL/sup_091.bmp
LISIL,Dataset/Tile/LISIL/176.bmp
LISIL,Dataset/Tile/LISIL/092.bmp
LISIL,Dataset/Tile/LISIL/sup_007.bmp
LISIL,Dataset/Tile/LISIL/215.bmp
LISIL,Dataset/Tile/LISIL/LSIL_4 (28).jpg
LISIL,Dataset/Tile/LISIL/237.bmp
LISIL,Dataset/Tile/LISIL/NL_30_ (4).jpg
LISIL,Dataset/Tile/LISIL/NL_14_ (22).jpg
LISIL,Dataset/Tile/LISIL/199.bmp
HISIL,Dataset/Tile/HISIL/HSIL_2 (15).jpg
LISIL,Dataset/Tile/LISIL/koi_061.bmp
LISIL,Dataset/Tile/LISIL/206.bmp
HISIL,Dataset/Tile/HISIL/HSIL_8 (8).jpg
LISIL,Dataset/Tile/LISIL/NL_31_ (2).jpg
LISIL,Dataset/Tile/LISIL/LSIL_4 (16).jpg
HISIL,Dataset/Tile/HISIL/scc_2 (25).jpg
LISIL,Dataset/Tile/LISIL/koi_117.bmp
LISIL,Dataset/Tile/LISIL/NL_7_ (3).jpg
LISIL,Dataset/Tile/LISIL/NL_42_ (8).jpg
HISIL,Dataset/Tile/HISIL/scc_1 (9).jpg
LISIL,Dataset/Tile/LISIL/NL_24_ (6).jpg
LISIL,Dataset/Tile/LISIL/NL_33_ (10).jpg
LISIL,Dataset/Tile/LISIL/003.bmp
LISIL,Dataset/Tile/LISIL/NL_10_ (11).jpg
LISIL,Dataset/Tile/LISIL/118.bmp
LISIL,Dataset/Tile/LISIL/NL_15_ (10).jpg
LISIL,Dataset/Tile/LISIL/koi_151.bmp
HISIL,Dataset/Tile/HISIL/SCC_3 (6).jpg
LISIL,Dataset/Tile/LISIL/NL_21_ (2).jpg
LISIL,Dataset/Tile/LISIL/060.bmp
HISIL,Dataset/Tile/HISIL/HSIL_9 (1).jpg
LISIL,Dataset/Tile/LISIL/koi_154.bmp
LISIL,Dataset/Tile/LISIL/NL_9_ (10).jpg
LISIL,Dataset/Tile/LISIL/NL_14_ (9).jpg
LISIL,Dataset/Tile/LISIL/NL_17_ (13).jpg
LISIL,Dataset/Tile/LISIL/LSIL_1 (3).jpg
LISIL,Dataset/Tile/LISIL/LSIL_2 (11).jpg
LISIL,Dataset/Tile/LISIL/NL_43_ (5).jpg
LISIL,Dataset/Tile/LISIL/NL_15_ (14).jpg
HISIL,Dataset/Tile/HISIL/HSIL_4 (10).jpg
LISIL,Dataset/Tile/LISIL/026.bmp
LISIL,Dataset/Tile/LISIL/233.bmp
LISIL,Dataset/Tile/LISIL/sup_117.bmp
LISIL,Dataset/Tile/LISIL/NL_11_ (9).jpg
LISIL,Dataset/Tile/LISIL/koi_155.bmp
LISIL,Dataset/Tile/LISIL/097.bmp
LISIL,Dataset/Tile/LISIL/koi_091.bmp
LISIL,Dataset/Tile/LISIL/koi_055.bmp
HISIL,Dataset/Tile/HISIL/HSIL_1 (11).jpg
LISIL,Dataset/Tile/LISIL/NL_18_ (10).jpg
LISIL,Dataset/Tile/LISIL/NL_26_ (11).jpg
LISIL,Dataset/Tile/LISIL/NL_43_ (2).jpg
LISIL,Dataset/Tile/LISIL/NL_8_ (12).jpg
LISIL,Dataset/Tile/LISIL/NL_3_ (11).jpg
LISIL,Dataset/Tile/LISIL/koi_097.bmp
LISIL,Dataset/Tile/LISIL/NL_24_ (8).jpg
LISIL,Dataset/Tile/LISIL/NL_18_ (5).jpg
LISIL,Dataset/Tile/LISIL/NL_30_ (10).jpg
LISIL,Dataset/Tile/LISIL/162.bmp
LISIL,Dataset/Tile/LISIL/NL_40_ (3).jpg
LISIL,Dataset/Tile/LISIL/085.bmp
LISIL,Dataset/Tile/LISIL/NL_34_ (3).jpg
HISIL,Dataset/Tile/HISIL/HSIL_2 (19).jpg
LISIL,Dataset/Tile/LISIL/NL_7_ (5).jpg
LISIL,Dataset/Tile/LISIL/parab_018.bmp
LISIL,Dataset/Tile/LISIL/koi_092.bmp
LISIL,Dataset/Tile/LISIL/koi_032.bmp
LISIL,Dataset/Tile/LISIL/NL_21_ (7).jpg
LISIL,Dataset/Tile/LISIL/parab_011.bmp
LISIL,Dataset/Tile/LISIL/014.bmp
LISIL,Dataset/Tile/LISIL/koi_024.bmp
LISIL,Dataset/Tile/LISIL/koi_062.bmp
LISIL,Dataset/Tile/LISIL/NL_14_ (2).jpg
HISIL,Dataset/Tile/HISIL/HSIL_4 (4).jpg
LISIL,Dataset/Tile/LISIL/NL_13_ (15).jpg
HISIL,Dataset/Tile/HISIL/SCC_4 (3).jpg
LISIL,Dataset/Tile/LISIL/NL_13_ (7).jpg
LISIL,Dataset/Tile/LISIL/LSIL_1 (25).jpg
HISIL,Dataset/Tile/HISIL/HSIL_6 (27).jpg
LISIL,Dataset/Tile/LISIL/NL_14_ (12).jpg
LISIL,Dataset/Tile/LISIL/015.bmp
LISIL,Dataset/Tile/LISIL/parab_009.bmp
LISIL,Dataset/Tile/LISIL/NL_3_ (15).jpg
LISIL,Dataset/Tile/LISIL/koi_036.bmp
LISIL,Dataset/Tile/LISIL/koi_164.bmp
LISIL,Dataset/Tile/LISIL/048.bmp
LISIL,Dataset/Tile/LISIL/227.bmp
LISIL,Dataset/Tile/LISIL/koi_106.bmp
LISIL,Dataset/Tile/LISIL/186.bmp
HISIL,Dataset/Tile/HISIL/HSIL_10 (10).jpg
LISIL,Dataset/Tile/LISIL/parab_029.bmp
LISIL,Dataset/Tile/LISIL/koi_172.bmp
LISIL,Dataset/Tile/LISIL/NL_18_ (6).jpg
LISIL,Dataset/Tile/LISIL/NL_15_ (12).jpg
LISIL,Dataset/Tile/LISIL/NL_15_ (7).jpg
LISIL,Dataset/Tile/LISIL/koi_121.bmp
HISIL,Dataset/Tile/HISIL/HSIL_2 (3).jpg
LISIL,Dataset/Tile/LISIL/sup_020.bmp
LISIL,Dataset/Tile/LISIL/LSIL_4 (22).jpg
LISIL,Dataset/Tile/LISIL/NL_5_ (2).jpg
LISIL,Dataset/Tile/LISIL/parab_057.bmp
LISIL,Dataset/Tile/LISIL/074.bmp
HISIL,Dataset/Tile/HISIL/HSIL_10 (7).jpg
HISIL,Dataset/Tile/HISIL/SCC_3 (1).jpg
LISIL,Dataset/Tile/LISIL/NL_11_ (1).jpg
LISIL,Dataset/Tile/LISIL/NL_37_ (8).jpg
LISIL,Dataset/Tile/LISIL/koi_182.bmp
LISIL,Dataset/Tile/LISIL/sup_008.bmp
LISIL,Dataset/Tile/LISIL/NL_1_ (2).jpg
LISIL,Dataset/Tile/LISIL/NL_11_ (10).jpg
LISIL,Dataset/Tile/LISIL/NL_35_ (13).jpg
LISIL,Dataset/Tile/LISIL/koi_179.bmp
LISIL,Dataset/Tile/LISIL/NL_14_ (11).jpg
LISIL,Dataset/Tile/LISIL/NL_34_ (2).jpg
LISIL,Dataset/Tile/LISIL/138.bmp
LISIL,Dataset/Tile/LISIL/LSIL_2 (20).jpg
HISIL,Dataset/Tile/HISIL/HSIL_1 (14).jpg
HISIL,Dataset/Tile/HISIL/HSIL_4 (17).jpg
LISIL,Dataset/Tile/LISIL/087.bmp
LISIL,Dataset/Tile/LISIL/sup_081.bmp
LISIL,Dataset/Tile/LISIL/188.bmp
LISIL,Dataset/Tile/LISIL/236.bmp
LISIL,Dataset/Tile/LISIL/koi_033.bmp
LISIL,Dataset/Tile/LISIL/NL_20_ (2).jpg
LISIL,Dataset/Tile/LISIL/LSIL_3 (2).jpg
LISIL,Dataset/Tile/LISIL/koi_079.bmp
LISIL,Dataset/Tile/LISIL/070.bmp
LISIL,Dataset/Tile/LISIL/NL_29_ (5).jpg
LISIL,Dataset/Tile/LISIL/sup_065.bmp
LISIL,Dataset/Tile/LISIL/parab_066.bmp
LISIL,Dataset/Tile/LISIL/LSIL_1 (11).jpg
HISIL,Dataset/Tile/HISIL/HSIL_5 (19).jpg
LISIL,Dataset/Tile/LISIL/parab_016.bmp
LISIL,Dataset/Tile/LISIL/koi_085.bmp
LISIL,Dataset/Tile/LISIL/NL_36_ (11).jpg
LISIL,Dataset/Tile/LISIL/NL_1_ (10).jpg
LISIL,Dataset/Tile/LISIL/sup_102.bmp
LISIL,Dataset/Tile/LISIL/LSIL_4 (15).jpg
LISIL,Dataset/Tile/LISIL/parab_069.bmp
LISIL,Dataset/Tile/LISIL/NL_12_ (7).jpg
LISIL,Dataset/Tile/LISIL/NL_40_ (4).jpg
LISIL,Dataset/Tile/LISIL/sup_001.bmp
LISIL,Dataset/Tile/LISIL/sup_080.bmp
LISIL,Dataset/Tile/LISIL/NL_32_ (10).jpg
LISIL,Dataset/Tile/LISIL/NL_11_ (3).jpg
LISIL,Dataset/Tile/LISIL/koi_191.bmp
HISIL,Dataset/Tile/HISIL/HSIL_2 (17).jpg
LISIL,Dataset/Tile/LISIL/sup_014.bmp
LISIL,Dataset/Tile/LISIL/NL_27_ (5).jpg
LISIL,Dataset/Tile/LISIL/NL_39_ (3).jpg
LISIL,Dataset/Tile/LISIL/LSIL_4 (31).jpg
LISIL,Dataset/Tile/LISIL/049.bmp
LISIL,Dataset/Tile/LISIL/NL_43_ (14).jpg
LISIL,Dataset/Tile/LISIL/NL_5_ (15).jpg
LISIL,Dataset/Tile/LISIL/NL_1_ (16).jpg
HISIL,Dataset/Tile/HISIL/SCC_4 (5).jpg
LISIL,Dataset/Tile/LISIL/koi_192.bmp
HISIL,Dataset/Tile/HISIL/scc_2 (15).jpg
LISIL,Dataset/Tile/LISIL/NL_13_ (4).jpg
LISIL,Dataset/Tile/LISIL/parab_051.bmp
HISIL,Dataset/Tile/HISIL/HSIL_6 (6).jpg
LISIL,Dataset/Tile/LISIL/sup_101.bmp
LISIL,Dataset/Tile/LISIL/LSIL_4 (13).jpg
LISIL,Dataset/Tile/LISIL/NL_37_ (12).jpg
LISIL,Dataset/Tile/LISIL/NL_28_ (7).jpg
LISIL,Dataset/Tile/LISIL/koi_140.bmp
LISIL,Dataset/Tile/LISIL/koi_139.bmp
LISIL,Dataset/Tile/LISIL/parab_078.bmp
LISIL,Dataset/Tile/LISIL/sup_040.bmp
LISIL,Dataset/Tile/LISIL/212.bmp
HISIL,Dataset/Tile/HISIL/scc_2 (23).jpg
LISIL,Dataset/Tile/LISIL/NL_5_ (5).jpg
LISIL,Dataset/Tile/LISIL/sup_049.bmp
LISIL,Dataset/Tile/LISIL/066.bmp
LISIL,Dataset/Tile/LISIL/parab_081.bmp
LISIL,Dataset/Tile/LISIL/LSIL_3 (13).jpg
LISIL,Dataset/Tile/LISIL/parab_085.bmp
LISIL,Dataset/Tile/LISIL/198.bmp
LISIL,Dataset/Tile/LISIL/021.bmp
HISIL,Dataset/Tile/HISIL/HSIL_1 (7).jpg
LISIL,Dataset/Tile/LISIL/NL_18_ (8).jpg
LISIL,Dataset/Tile/LISIL/NL_8_ (7).jpg
LISIL,Dataset/Tile/LISIL/NL_34_ (15).jpg
LISIL,Dataset/Tile/LISIL/NL_10_ (4).jpg
LISIL,Dataset/Tile/LISIL/NL_37_ (18).jpg
LISIL,Dataset/Tile/LISIL/koi_005.bmp
HISIL,Dataset/Tile/HISIL/SCC_4 (4).jpg
LISIL,Dataset/Tile/LISIL/koi_010.bmp
HISIL,Dataset/Tile/HISIL/SCC_3 (9).jpg
LISIL,Dataset/Tile/LISIL/LSIL_3 (9).jpg
LISIL,Dataset/Tile/LISIL/127.bmp
LISIL,Dataset/Tile/LISIL/NL_39_ (5).jpg
LISIL,Dataset/Tile/LISIL/sup_050.bmp
LISIL,Dataset/Tile/LISIL/NL_14_ (10).jpg
LISIL,Dataset/Tile/LISIL/NL_34_ (9).jpg
LISIL,Dataset/Tile/LISIL/koi_113.bmp
HISIL,Dataset/Tile/HISIL/HSIL_5 (14).jpg
LISIL,Dataset/Tile/LISIL/079.bmp
LISIL,Dataset/Tile/LISIL/sup_052.bmp
LISIL,Dataset/Tile/LISIL/NL_2_ (9).jpg
LISIL,Dataset/Tile/LISIL/koi_213.bmp
LISIL,Dataset/Tile/LISIL/NL_35_ (8).jpg
LISIL,Dataset/Tile/LISIL/koi_095.bmp
LISIL,Dataset/Tile/LISIL/parab_068.bmp
LISIL,Dataset/Tile/LISIL/NL_14_ (18).jpg
LISIL,Dataset/Tile/LISIL/LSIL_4 (36).jpg
LISIL,Dataset/Tile/LISIL/LSIL_3 (4).jpg
LISIL,Dataset/Tile/LISIL/NL_7_ (15).jpg
LISIL,Dataset/Tile/LISIL/LSIL_1 (10).jpg
HISIL,Dataset/Tile/HISIL/HSIL_9 (7).jpg
LISIL,Dataset/Tile/LISIL/NL_36_ (7).jpg
LISIL,Dataset/Tile/LISIL/NL_32_ (9).jpg
LISIL,Dataset/Tile/LISIL/NL_28_ (14).jpg
LISIL,Dataset/Tile/LISIL/166.bmp
LISIL,Dataset/Tile/LISIL/sup_056.bmp
LISIL,Dataset/Tile/LISIL/137.bmp
LISIL,Dataset/Tile/LISIL/NL_25_ (1).jpg
HISIL,Dataset/Tile/HISIL/HSIL_7 (5).jpg
LISIL,Dataset/Tile/LISIL/sup_092.bmp
LISIL,Dataset/Tile/LISIL/032.bmp
HISIL,Dataset/Tile/HISIL/HSIL_6 (15).jpg
LISIL,Dataset/Tile/LISIL/parab_106.bmp
LISIL,Dataset/Tile/LISIL/NL_41_ (8).jpg
LISIL,Dataset/Tile/LISIL/parab_108.bmp
LISIL,Dataset/Tile/LISIL/LSIL_3 (7).jpg
LISIL,Dataset/Tile/LISIL/NL_20_ (1).jpg
LISIL,Dataset/Tile/LISIL/NL_37_ (10).jpg
HISIL,Dataset/Tile/HISIL/HSIL_5 (9).jpg
HISIL,Dataset/Tile/HISIL/HSIL_6 (24).jpg
LISIL,Dataset/Tile/LISIL/NL_21_ (8).jpg
LISIL,Dataset/Tile/LISIL/NL_27_ (1).jpg
HISIL,Dataset/Tile/HISIL/HSIL_10 (13).jpg
LISIL,Dataset/Tile/LISIL/sup_112.bmp
LISIL,Dataset/Tile/LISIL/sup_028.bmp
LISIL,Dataset/Tile/LISIL/sup_066.bmp
LISIL,Dataset/Tile/LISIL/NL_25_ (9).jpg
LISIL,Dataset/Tile/LISIL/NL_41_ (1).jpg
LISIL,Dataset/Tile/LISIL/126.bmp
LISIL,Dataset/Tile/LISIL/koi_214.bmp
LISIL,Dataset/Tile/LISIL/LSIL_1 (21).jpg
LISIL,Dataset/Tile/LISIL/koi_116.bmp
HISIL,Dataset/Tile/HISIL/scc_1 (4).jpg
LISIL,Dataset/Tile/LISIL/NL_18_ (15).jpg
LISIL,Dataset/Tile/LISIL/koi_040.bmp
LISIL,Dataset/Tile/LISIL/NL_12_ (9).jpg
LISIL,Dataset/Tile/LISIL/sup_048.bmp
LISIL,Dataset/Tile/LISIL/NL_33_ (3).jpg
HISIL,Dataset/Tile/HISIL/scc_1 (7).jpg
LISIL,Dataset/Tile/LISIL/NL_43_ (13).jpg
LISIL,Dataset/Tile/LISIL/sup_036.bmp
HISIL,Dataset/Tile/HISIL/HSIL_1 (1).jpg
HISIL,Dataset/Tile/HISIL/HSIL_7 (6).jpg
LISIL,Dataset/Tile/LISIL/169.bmp
LISIL,Dataset/Tile/LISIL/NL_18_ (18).jpg
LISIL,Dataset/Tile/LISIL/NL_32_ (12).jpg
LISIL,Dataset/Tile/LISIL/220.bmp
LISIL,Dataset/Tile/LISIL/193.bmp
LISIL,Dataset/Tile/LISIL/019.bmp
LISIL,Dataset/Tile/LISIL/NL_22_ (1).jpg
LISIL,Dataset/Tile/LISIL/116.bmp
HISIL,Dataset/Tile/HISIL/HSIL_6 (5).jpg
LISIL,Dataset/Tile/LISIL/NL_8_ (4).jpg
LISIL,Dataset/Tile/LISIL/sup_011.bmp
LISIL,Dataset/Tile/LISIL/NL_18_ (2).jpg
LISIL,Dataset/Tile/LISIL/koi_080.bmp
LISIL,Dataset/Tile/LISIL/NL_18_ (14).jpg
LISIL,Dataset/Tile/LISIL/koi_143.bmp
LISIL,Dataset/Tile/LISIL/parab_039.bmp
LISIL,Dataset/Tile/LISIL/NL_22_ (2).jpg
LISIL,Dataset/Tile/LISIL/parab_099.bmp
LISIL,Dataset/Tile/LISIL/NL_38_ (12).jpg
HISIL,Dataset/Tile/HISIL/SCC_3 (8).jpg
LISIL,Dataset/Tile/LISIL/207.bmp
LISIL,Dataset/Tile/LISIL/sup_032.bmp
LISIL,Dataset/Tile/LISIL/NL_7_ (6).jpg
LISIL,Dataset/Tile/LISIL/koi_051.bmp
LISIL,Dataset/Tile/LISIL/NL_23_ (8).jpg
LISIL,Dataset/Tile/LISIL/NL_18_ (11).jpg
LISIL,Dataset/Tile/LISIL/044.bmp
LISIL,Dataset/Tile/LISIL/NL_18_ (3).jpg
LISIL,Dataset/Tile/LISIL/200.bmp
LISIL,Dataset/Tile/LISIL/koi_060.bmp
LISIL,Dataset/Tile/LISIL/NL_2_ (20).jpg
HISIL,Dataset/Tile/HISIL/HSIL_7 (15).jpg
HISIL,Dataset/Tile/HISIL/scc_2 (8).jpg
HISIL,Dataset/Tile/HISIL/HSIL_6 (19).jpg
LISIL,Dataset/Tile/LISIL/013.bmp
LISIL,Dataset/Tile/LISIL/NL_12_ (10).jpg
HISIL,Dataset/Tile/HISIL/HSIL_8 (6).jpg
LISIL,Dataset/Tile/LISIL/NL_43_ (3).jpg
LISIL,Dataset/Tile/LISIL/NL_29_ (7).jpg
HISIL,Dataset/Tile/HISIL/HSIL_10 (3).jpg
LISIL,Dataset/Tile/LISIL/001.bmp
LISIL,Dataset/Tile/LISIL/sup_005.bmp
LISIL,Dataset/Tile/LISIL/koi_190.bmp
LISIL,Dataset/Tile/LISIL/LSIL_3 (19).jpg
LISIL,Dataset/Tile/LISIL/parab_054.bmp
LISIL,Dataset/Tile/LISIL/NL_6_ (6).jpg
LISIL,Dataset/Tile/LISIL/165.bmp
LISIL,Dataset/Tile/LISIL/sup_084.bmp
LISIL,Dataset/Tile/LISIL/sup_085.bmp
LISIL,Dataset/Tile/LISIL/053.bmp
LISIL,Dataset/Tile/LISIL/NL_9_ (14).jpg
LISIL,Dataset/Tile/LISIL/sup_043.bmp
LISIL,Dataset/Tile/LISIL/koi_185.bmp
LISIL,Dataset/Tile/LISIL/koi_178.bmp
LISIL,Dataset/Tile/LISIL/LSIL_1 (27).jpg
LISIL,Dataset/Tile/LISIL/sup_041.bmp
LISIL,Dataset/Tile/LISIL/219.bmp
LISIL,Dataset/Tile/LISIL/sup_086.bmp
LISIL,Dataset/Tile/LISIL/NL_13_ (1).jpg
LISIL,Dataset/Tile/LISIL/sup_108.bmp
LISIL,Dataset/Tile/LISIL/NL_42_ (7).jpg
LISIL,Dataset/Tile/LISIL/141.bmp
HISIL,Dataset/Tile/HISIL/HSIL_5 (11).jpg
LISIL,Dataset/Tile/LISIL/NL_41_ (4).jpg
LISIL,Dataset/Tile/LISIL/parab_006.bmp
LISIL,Dataset/Tile/LISIL/LSIL_4 (20).jpg
LISIL,Dataset/Tile/LISIL/NL_29_ (12).jpg
LISIL,Dataset/Tile/LISIL/parab_004.bmp
LISIL,Dataset/Tile/LISIL/078.bmp
LISIL,Dataset/Tile/LISIL/NL_10_ (10).jpg
LISIL,Dataset/Tile/LISIL/sup_054.bmp
LISIL,Dataset/Tile/LISIL/LSIL_4 (23).jpg
LISIL,Dataset/Tile/LISIL/LSIL_3 (6).jpg
LISIL,Dataset/Tile/LISIL/221.bmp
LISIL,Dataset/Tile/LISIL/NL_28_ (13).jpg
LISIL,Dataset/Tile/LISIL/koi_177.bmp
LISIL,Dataset/Tile/LISIL/koi_202.bmp
LISIL,Dataset/Tile/LISIL/NL_16_ (12).jpg
LISIL,Dataset/Tile/LISIL/parab_044.bmp
LISIL,Dataset/Tile/LISIL/NL_30_ (5).jpg
LISIL,Dataset/Tile/LISIL/NL_3_ (4).jpg
LISIL,Dataset/Tile/LISIL/LSIL_4 (17).jpg
LISIL,Dataset/Tile/LISIL/NL_11_ (14).jpg
LISIL,Dataset/Tile/LISIL/171.bmp
LISIL,Dataset/Tile/LISIL/parab_022.bmp
LISIL,Dataset/Tile/LISIL/koi_126.bmp
LISIL,Dataset/Tile/LISIL/NL_14_ (23).jpg
LISIL,Dataset/Tile/LISIL/koi_069.bmp
LISIL,Dataset/Tile/LISIL/139.bmp
LISIL,Dataset/Tile/LISIL/NL_21_ (4).jpg
LISIL,Dataset/Tile/LISIL/163.bmp
LISIL,Dataset/Tile/LISIL/NL_41_ (9).jpg
LISIL,Dataset/Tile/LISIL/NL_43_ (9).jpg
LISIL,Dataset/Tile/LISIL/NL_36_ (19).jpg
LISIL,Dataset/Tile/LISIL/koi_167.bmp
LISIL,Dataset/Tile/LISIL/parab_082.bmp
LISIL,Dataset/Tile/LISIL/NL_40_ (13).jpg
HISIL,Dataset/Tile/HISIL/HSIL_2 (14).jpg
LISIL,Dataset/Tile/LISIL/NL_21_ (14).jpg
LISIL,Dataset/Tile/LISIL/koi_124.bmp
LISIL,Dataset/Tile/LISIL/koi_115.bmp
LISIL,Dataset/Tile/LISIL/koi_161.bmp
LISIL,Dataset/Tile/LISIL/koi_133.bmp
LISIL,Dataset/Tile/LISIL/NL_36_ (20).jpg
LISIL,Dataset/Tile/LISIL/NL_14_ (21).jpg
LISIL,Dataset/Tile/LISIL/NL_11_ (13).jpg
HISIL,Dataset/Tile/HISIL/SCC_4 (7).jpg
LISIL,Dataset/Tile/LISIL/NL_42_ (14).jpg
LISIL,Dataset/Tile/LISIL/086.bmp
HISIL,Dataset/Tile/HISIL/HSIL_9 (6).jpg
LISIL,Dataset/Tile/LISIL/parab_050.bmp
LISIL,Dataset/Tile/LISIL/NL_9_ (4).jpg
LISIL,Dataset/Tile/LISIL/NL_15_ (3).jpg
LISIL,Dataset/Tile/LISIL/LSIL_4 (2).jpg
LISIL,Dataset/Tile/LISIL/LSIL_4 (14).jpg
LISIL,Dataset/Tile/LISIL/211.bmp
LISIL,Dataset/Tile/LISIL/parab_023.bmp
LISIL,Dataset/Tile/LISIL/sup_045.bmp
LISIL,Dataset/Tile/LISIL/NL_36_ (2).jpg
HISIL,Dataset/Tile/HISIL/HSIL_2 (7).jpg
LISIL,Dataset/Tile/LISIL/NL_14_ (16).jpg
HISIL,Dataset/Tile/HISIL/HSIL_4 (2).jpg
LISIL,Dataset/Tile/LISIL/NL_24_ (5).jpg
LISIL,Dataset/Tile/LISIL/koi_070.bmp
LISIL,Dataset/Tile/LISIL/NL_3_ (7).jpg
LISIL,Dataset/Tile/LISIL/LSIL_1 (19).jpg
HISIL,Dataset/Tile/HISIL/HSIL_5 (12).jpg
LISIL,Dataset/Tile/LISIL/140.bmp
LISIL,Dataset/Tile/LISIL/LSIL_2 (15).jpg
LISIL,Dataset/Tile/LISIL/LSIL_4 (6).jpg
LISIL,Dataset/Tile/LISIL/koi_028.bmp
LISIL,Dataset/Tile/LISIL/NL_10_ (2).jpg
LISIL,Dataset/Tile/LISIL/125.bmp
LISIL,Dataset/Tile/LISIL/136.bmp
LISIL,Dataset/Tile/LISIL/NL_10_ (6).jpg
LISIL,Dataset/Tile/LISIL/sup_118.bmp
LISIL,Dataset/Tile/LISIL/sup_039.bmp
LISIL,Dataset/Tile/LISIL/sup_064.bmp
LISIL,Dataset/Tile/LISIL/NL_31_ (3).jpg
LISIL,Dataset/Tile/LISIL/NL_36_ (10).jpg
HISIL,Dataset/Tile/HISIL/HSIL_2 (10).jpg
LISIL,Dataset/Tile/LISIL/NL_15_ (15).jpg
LISIL,Dataset/Tile/LISIL/sup_068.bmp
LISIL,Dataset/Tile/LISIL/koi_127.bmp
LISIL,Dataset/Tile/LISIL/NL_13_ (11).jpg
HISIL,Dataset/Tile/HISIL/scc_2 (18).jpg
LISIL,Dataset/Tile/LISIL/113.bmp
LISIL,Dataset/Tile/LISIL/143.bmp
LISIL,Dataset/Tile/LISIL/NL_11_ (7).jpg
LISIL,Dataset/Tile/LISIL/NL_33_ (8).jpg
LISIL,Dataset/Tile/LISIL/NL_37_ (1).jpg
HISIL,Dataset/Tile/HISIL/HSIL_6 (3).jpg
LISIL,Dataset/Tile/LISIL/LSIL_4 (19).jpg
LISIL,Dataset/Tile/LISIL/sup_109.bmp
LISIL,Dataset/Tile/LISIL/parab_062.bmp
HISIL,Dataset/Tile/HISIL/HSIL_1 (4).jpg
LISIL,Dataset/Tile/LISIL/NL_25_ (4).jpg
LISIL,Dataset/Tile/LISIL/koi_034.bmp
HISIL,Dataset/Tile/HISIL/HSIL_6 (10).jpg
LISIL,Dataset/Tile/LISIL/LSIL_3 (27).jpg
LISIL,Dataset/Tile/LISIL/NL_35_ (17).jpg
LISIL,Dataset/Tile/LISIL/NL_26_ (12).jpg
LISIL,Dataset/Tile/LISIL/NL_13_ (3).jpg
HISIL,Dataset/Tile/HISIL/HSIL_6 (21).jpg
LISIL,Dataset/Tile/LISIL/NL_15_ (13).jpg
LISIL,Dataset/Tile/LISIL/NL_37_ (3).jpg
LISIL,Dataset/Tile/LISIL/NL_37_ (6).jpg
LISIL,Dataset/Tile/LISIL/NL_2_ (11).jpg
HISIL,Dataset/Tile/HISIL/scc_1 (10).jpg
LISIL,Dataset/Tile/LISIL/koi_019.bmp
HISIL,Dataset/Tile/HISIL/HSIL_4 (14).jpg
HISIL,Dataset/Tile/HISIL/HSIL_4 (11).jpg
HISIL,Dataset/Tile/HISIL/HSIL_6 (20).jpg
LISIL,Dataset/Tile/LISIL/NL_40_ (15).jpg
LISIL,Dataset/Tile/LISIL/koi_216.bmp
LISIL,Dataset/Tile/LISIL/NL_36_ (8).jpg
HISIL,Dataset/Tile/HISIL/HSIL_5 (18).jpg
LISIL,Dataset/Tile/LISIL/NL_2_ (1).jpg
LISIL,Dataset/Tile/LISIL/NL_40_ (5).jpg
LISIL,Dataset/Tile/LISIL/koi_195.bmp
HISIL,Dataset/Tile/HISIL/HSIL_10 (1).jpg
LISIL,Dataset/Tile/LISIL/parab_008.bmp
LISIL,Dataset/Tile/LISIL/NL_35_ (6).jpg
LISIL,Dataset/Tile/LISIL/LSIL_4 (37).jpg
LISIL,Dataset/Tile/LISIL/NL_43_ (12).jpg
HISIL,Dataset/Tile/HISIL/HSIL_9 (4).jpg
LISIL,Dataset/Tile/LISIL/LSIL_4 (25).jpg
LISIL,Dataset/Tile/LISIL/NL_23_ (9).jpg
LISIL,Dataset/Tile/LISIL/LSIL_4 (9).jpg
LISIL,Dataset/Tile/LISIL/parab_101.bmp
LISIL,Dataset/Tile/LISIL/sup_009.bmp
LISIL,Dataset/Tile/LISIL/NL_37_ (13).jpg
LISIL,Dataset/Tile/LISIL/LSIL_3 (16).jpg
HISIL,Dataset/Tile/HISIL/HSIL_10 (2).jpg
LISIL,Dataset/Tile/LISIL/NL_10_ (13).jpg
LISIL,Dataset/Tile/LISIL/parab_037.bmp
HISIL,Dataset/Tile/HISIL/scc_1 (8).jpg
HISIL,Dataset/Tile/HISIL/SCC_3 (7).jpg
LISIL,Dataset/Tile/LISIL/sup_126.bmp
LISIL,Dataset/Tile/LISIL/052.bmp
LISIL,Dataset/Tile/LISIL/NL_23_ (5).jpg
HISIL,Dataset/Tile/HISIL/HSIL_10 (5).jpg
LISIL,Dataset/Tile/LISIL/NL_28_ (2).jpg
LISIL,Dataset/Tile/LISIL/098.bmp
LISIL,Dataset/Tile/LISIL/NL_14_ (20).jpg
LISIL,Dataset/Tile/LISIL/sup_110.bmp
LISIL,Dataset/Tile/LISIL/123.bmp
HISIL,Dataset/Tile/HISIL/scc_1 (11).jpg
LISIL,Dataset/Tile/LISIL/187.bmp
LISIL,Dataset/Tile/LISIL/NL_30_ (6).jpg
LISIL,Dataset/Tile/LISIL/koi_075.bmp
LISIL,Dataset/Tile/LISIL/koi_035.bmp
LISIL,Dataset/Tile/LISIL/LSIL_3 (22).jpg
LISIL,Dataset/Tile/LISIL/LSIL_4 (33).jpg
LISIL,Dataset/Tile/LISIL/NL_12_ (13).jpg
LISIL,Dataset/Tile/LISIL/koi_002.bmp
LISIL,Dataset/Tile/LISIL/182.bmp
LISIL,Dataset/Tile/LISIL/NL_11_ (12).jpg
LISIL,Dataset/Tile/LISIL/koi_039.bmp
LISIL,Dataset/Tile/LISIL/223.bmp
LISIL,Dataset/Tile/LISIL/NL_31_ (4).jpg
LISIL,Dataset/Tile/LISIL/NL_40_ (11).jpg
LISIL,Dataset/Tile/LISIL/LSIL_1 (6).jpg
LISIL,Dataset/Tile/LISIL/NL_32_ (7).jpg
LISIL,Dataset/Tile/LISIL/NL_37_ (7).jpg
LISIL,Dataset/Tile/LISIL/koi_007.bmp
LISIL,Dataset/Tile/LISIL/NL_39_ (4).jpg
LISIL,Dataset/Tile/LISIL/NL_2_ (12).jpg
LISIL,Dataset/Tile/LISIL/NL_18_ (19).jpg
LISIL,Dataset/Tile/LISIL/NL_18_ (9).jpg
LISIL,Dataset/Tile/LISIL/koi_196.bmp
LISIL,Dataset/Tile/LISIL/NL_29_ (15).jpg
LISIL,Dataset/Tile/LISIL/NL_8_ (9).jpg
LISIL,Dataset/Tile/LISIL/LSIL_1 (5).jpg
LISIL,Dataset/Tile/LISIL/LSIL_1 (24).jpg
LISIL,Dataset/Tile/LISIL/NL_1_ (7).jpg
LISIL,Dataset/Tile/LISIL/NL_23_ (6).jpg
LISIL,Dataset/Tile/LISIL/koi_131.bmp
LISIL,Dataset/Tile/LISIL/sup_034.bmp
HISIL,Dataset/Tile/HISIL/HSIL_7 (8).jpg
LISIL,Dataset/Tile/LISIL/parab_097.bmp
LISIL,Dataset/Tile/LISIL/sup_061.bmp
HISIL,Dataset/Tile/HISIL/scc_2 (5).jpg
LISIL,Dataset/Tile/LISIL/NL_18_ (21).jpg
LISIL,Dataset/Tile/LISIL/NL_11_ (8).jpg
LISIL,Dataset/Tile/LISIL/NL_17_ (5).jpg
LISIL,Dataset/Tile/LISIL/NL_28_ (5).jpg
LISIL,Dataset/Tile/LISIL/NL_26_ (2).jpg
LISIL,Dataset/Tile/LISIL/koi_074.bmp
LISIL,Dataset/Tile/LISIL/NL_26_ (7).jpg
LISIL,Dataset/Tile/LISIL/NL_32_ (2).jpg
HISIL,Dataset/Tile/HISIL/HSIL_2 (18).jpg
LISIL,Dataset/Tile/LISIL/koi_210.bmp
LISIL,Dataset/Tile/LISIL/194.bmp
HISIL,Dataset/Tile/HISIL/HSIL_6 (23).jpg
LISIL,Dataset/Tile/LISIL/NL_15_ (4).jpg
LISIL,Dataset/Tile/LISIL/sup_003.bmp
LISIL,Dataset/Tile/LISIL/064.bmp
LISIL,Dataset/Tile/LISIL/koi_169.bmp
LISIL,Dataset/Tile/LISIL/sup_016.bmp
LISIL,Dataset/Tile/LISIL/NL_36_ (1).jpg
LISIL,Dataset/Tile/LISIL/025.bmp
HISIL,Dataset/Tile/HISIL/HSIL_8 (10).jpg
